Prompt,phi3 Response,mistral-small Response
"summarize this english text, include key details: Jorge, :
Congratulations! You're Pre-Approved
for a credit line up to $2,500.

WAI CONE
PPROVAL CUDE

APPRO

174-7440-498
lentep pb heehee ele
Jorge Chang CREDIT LINE
399 Hope St. UP TO $2500
Providence, RI 02906-1634
ACCEPT BY
40/24/2024

Accept your card offer with a credit line up to $2,500.

1

Scan

to accept from your .
smartphone

Di. Visit Accept.CreditOneBank.com
Use Approval Code; 174-7440-498

ey tt ee Thr any ye ee Oe ee Oe

","Jorge Chang has been pre-approved for a credit line of up to $2,500 with CreditOneBank. This approval is valid until the expiration date on his account (April). To accept this offer and receive Jorge's card, you can scan it using your smartphone or visit AcceptCreditOneBank.com to complete the process online with the given Approval Code: 174-7440-498.  Here are some key details from the text in bullet points for clarity and efficiency:  - Personal Credit Information (Fictional): Jorge Chang, $2,500 credit line limit at CreditOneBank on 399 Hope St., Providence, RI, Account Number: [Redacted], Approval Code: 174-7440-498 - Validity Date of Pre-Approved Status: Until April 24, 2024. ","Summary:  - Recipient: Jorge Chang - Offer: Pre-approved credit line up to $2,500 - Address: 399 Hope St., Providence, RI 02906-1634 - Expiration Date: Accept by April - Approval Code: 174-7440-498 - Acceptance Methods: - Scan the QR code from a smartphone "
"summarize this english text, include key details: HUMMUS

TZATZIKI

BABA GHANOUSJ
TABOULEH

TAHINI

HOT SAUCE

JEDRA (MOUJADRA)
SYRIAN BREAD
GARDEN SALAD

PITA CHIPS

FALAFEL

STUFFED GRAPE LEAVES
GRILLED CHICKEN

GYRO STRIPS

KAFTA

KIBBEH

6 loaves/wraps per bag (choice of full wrap, sliced in halves or quarters)

lettuce, tomatoes, onions, pickles, banana peppers, olives

z 6.00 320z 12.00
= SM TRAY 24.00
160z 6.00 320z 12.00

SM TRAY 24.00
160z 7.00 320z 14.00
SM TRAY 28.00

160z 6.00 320z 12.00
SM TRAY 24.00

160z 6.00 320z 12.00
SM TRAY 24.00

160z 6.00 320z 12.00
SM TRAY 24.00
320z 9.00

SM TRAY 18.00

3.00

SM TRAY 20.00 LG TRAY 30.00

320z 3.75
EACH 0.65
EACH 0.65
EACH 1.25
EACH 0.75
EACH 0.50
EACH 1.75

Football shaped shell made of bulgur (cracked wheat) and lean sirloin

pate, stuffed with ground beef, onions,
minimum)

SPINACH & FETA PIE OR MEAT PIE
Grilled flat bread topped with Spinach and feta or ground beef sliced in half a

Set in a tray

pine nuts, Then lightly fried (4 pcs

4.00
nd

",,"Summary:  - The text is a list of Middle Eastern dishes and their prices. - Dishes listed include: Hummus, Tzatziki, Baba Ghanoush, Tabouleh, Tahini, Hot Sauce, Jedra (Mujadara), Syrian Bread, Garden Salad, Pita Chips, Falafel, Stuffed Grape Leaves, Grilled Chicken, Gyro Strips, Kafta, and Kibbeh. - Sides include: lettuce, tomatoes, onions, pickles, banana peppers, olives. - Prices are given for 160z (small) and 320z (large) servings, as well as for trays containing multiple dishes. - A description of Kibbeh is also provided: a football-shaped shell made of bulgur (cracked wheat) and lean sirloin, stuffed with ground beef, onions, and pine nuts, then lightly fried. "
